<?xml version="1.0" encoding="UTF-8"?>
<ironjacamar>
  <connection-definitions>
    <connection-definition
      class-name="org.apache.activemq.ra.ActiveMQManagedConnectionFactory"
      jndi-name="java:jboss/jms/TopicConnectionFactory" pool-name="TopicConnectionFactory">
      <pool>
        <min-pool-size>1</min-pool-size>
        <max-pool-size>200</max-pool-size>
        <prefill>false</prefill>
      </pool>
      <security>
        <application />
      </security>
      <timeout>
        <blocking-timeout-millis>30000</blocking-timeout-millis>
        <idle-timeout-minutes>3</idle-timeout-minutes>
      </timeout>
      <validation>
        <background-validation>false</background-validation>
        <use-fast-fail>false</use-fast-fail>
      </validation>
    </connection-definition>
    <connection-definition
      class-name="org.apache.activemq.ra.ActiveMQManagedConnectionFactory"
      jndi-name="java:jboss/jms/ConnectionFactory" pool-name="QueueConnectionFactory">
      <pool>
        <min-pool-size>1</min-pool-size>
        <max-pool-size>200</max-pool-size>
        <prefill>false</prefill>
      </pool>
      <security>
        <application />
      </security>
      <timeout>
        <blocking-timeout-millis>30000</blocking-timeout-millis>
        <idle-timeout-minutes>3</idle-timeout-minutes>
      </timeout>
      <validation>
        <background-validation>false</background-validation>
        <use-fast-fail>false</use-fast-fail>
      </validation>
    </connection-definition>
  </connection-definitions>
  <admin-objects>
    <admin-object class-name="org.apache.activemq.command.ActiveMQQueue"
      jndi-name="java:jboss/activemq/queue/TicketQueue">
      <config-property name="PhysicalName">
        activemq/queue/TicketQueue
      </config-property>
    </admin-object>
  </admin-objects>
</ironjacamar>